-- MySQL dump 10.13  Distrib 8.0.44, for Win64 (x86_64)
--
-- Host: 127.0.0.1    Database: projekat
-- ------------------------------------------------------
-- Server version	8.0.44

/*!40101 SET @OLD_CHARACTER_SET_CLIENT=@@CHARACTER_SET_CLIENT */;
/*!40101 SET @OLD_CHARACTER_SET_RESULTS=@@CHARACTER_SET_RESULTS */;
/*!40101 SET @OLD_COLLATION_CONNECTION=@@COLLATION_CONNECTION */;
/*!50503 SET NAMES utf8 */;
/*!40103 SET @OLD_TIME_ZONE=@@TIME_ZONE */;
/*!40103 SET TIME_ZONE='+00:00' */;
/*!40014 SET @OLD_UNIQUE_CHECKS=@@UNIQUE_CHECKS, UNIQUE_CHECKS=0 */;
/*!40014 SET @OLD_FOREIGN_KEY_CHECKS=@@FOREIGN_KEY_CHECKS, FOREIGN_KEY_CHECKS=0 */;
/*!40101 SET @OLD_SQL_MODE=@@SQL_MODE, SQL_MODE='NO_AUTO_VALUE_ON_ZERO' */;
/*!40111 SET @OLD_SQL_NOTES=@@SQL_NOTES, SQL_NOTES=0 */;

--
-- Table structure for table `album`
--

DROP TABLE IF EXISTS `album`;
/*!40101 SET @saved_cs_client     = @@character_set_client */;
/*!50503 SET character_set_client = utf8mb4 */;
CREATE TABLE `album` (
  `albumId` int unsigned NOT NULL AUTO_INCREMENT,
  `title` varchar(40) NOT NULL,
  `poster` text NOT NULL,
  `date` date NOT NULL,
  `bend` varchar(50) NOT NULL,
  `deletedAt` datetime DEFAULT NULL,
  `editedAt` datetime DEFAULT NULL,
  PRIMARY KEY (`albumId`)
) ENGINE=InnoDB AUTO_INCREMENT=7 DEFAULT CHARSET=utf8mb4 COLLATE=utf8mb4_0900_ai_ci;
/*!40101 SET character_set_client = @saved_cs_client */;

--
-- Dumping data for table `album`
--

LOCK TABLES `album` WRITE;
/*!40000 ALTER TABLE `album` DISABLE KEYS */;
INSERT INTO `album` VALUES (1,'Nightmaree','nightmare.png','2010-07-23','Avenged Sevenfold',NULL,'2026-06-30 17:13:58'),(2,'City of Evil','cityofevil.jpg','2005-06-06','Avenged Sevenfold',NULL,NULL),(3,'The Poison','thepoison.jpg','2005-10-03','Bullet For My Valentine',NULL,NULL),(4,'Follow the Reaper','follow_the_reaper.jpg','2000-10-30','Children of Bodom',NULL,NULL),(5,'Come Over When You\'re Sober, Pt. 1','cowys_pt1.jpg','2017-08-15','Lil Peep',NULL,NULL),(6,'One-X','one_x.jpg','2006-06-13','Three Days Grace',NULL,NULL);
/*!40000 ALTER TABLE `album` ENABLE KEYS */;
UNLOCK TABLES;

--
-- Table structure for table `genre`
--

DROP TABLE IF EXISTS `genre`;
/*!40101 SET @saved_cs_client     = @@character_set_client */;
/*!50503 SET character_set_client = utf8mb4 */;
CREATE TABLE `genre` (
  `genreId` int unsigned NOT NULL AUTO_INCREMENT,
  `name` varchar(30) NOT NULL,
  PRIMARY KEY (`genreId`)
) ENGINE=InnoDB AUTO_INCREMENT=6 DEFAULT CHARSET=utf8mb4 COLLATE=utf8mb4_0900_ai_ci;
/*!40101 SET character_set_client = @saved_cs_client */;

--
-- Dumping data for table `genre`
--

LOCK TABLES `genre` WRITE;
/*!40000 ALTER TABLE `genre` DISABLE KEYS */;
INSERT INTO `genre` VALUES (1,'Heavy Metal'),(2,'Thrash Metal'),(3,'Metalcore'),(4,'Emo rap'),(5,'Alternative Metal');
/*!40000 ALTER TABLE `genre` ENABLE KEYS */;
UNLOCK TABLES;

--
-- Table structure for table `singer`
--

DROP TABLE IF EXISTS `singer`;
/*!40101 SET @saved_cs_client     = @@character_set_client */;
/*!50503 SET character_set_client = utf8mb4 */;
CREATE TABLE `singer` (
  `singerId` int unsigned NOT NULL AUTO_INCREMENT,
  `name` varchar(30) NOT NULL,
  PRIMARY KEY (`singerId`)
) ENGINE=InnoDB AUTO_INCREMENT=6 DEFAULT CHARSET=utf8mb4 COLLATE=utf8mb4_0900_ai_ci;
/*!40101 SET character_set_client = @saved_cs_client */;

--
-- Dumping data for table `singer`
--

LOCK TABLES `singer` WRITE;
/*!40000 ALTER TABLE `singer` DISABLE KEYS */;
INSERT INTO `singer` VALUES (1,'Avenged Sevenfold'),(2,'Bullet For My Valentine'),(3,'Children of Bodom'),(4,'Lil peep'),(5,'Three Days Grace');
/*!40000 ALTER TABLE `singer` ENABLE KEYS */;
UNLOCK TABLES;

--
-- Table structure for table `song`
--

DROP TABLE IF EXISTS `song`;
/*!40101 SET @saved_cs_client     = @@character_set_client */;
/*!50503 SET character_set_client = utf8mb4 */;
CREATE TABLE `song` (
  `songId` int unsigned NOT NULL AUTO_INCREMENT,
  `title` varchar(30) NOT NULL,
  `lyrics` text,
  `poster` text NOT NULL,
  `time` time NOT NULL,
  `date` date NOT NULL,
  `deletedAt` datetime DEFAULT NULL,
  `editedAt` datetime DEFAULT NULL,
  `albumId` int unsigned NOT NULL,
  PRIMARY KEY (`songId`),
  KEY `albumId` (`albumId`),
  CONSTRAINT `song_ibfk_1` FOREIGN KEY (`albumId`) REFERENCES `album` (`albumId`) ON DELETE RESTRICT ON UPDATE CASCADE
) ENGINE=InnoDB AUTO_INCREMENT=27 DEFAULT CHARSET=utf8mb4 COLLATE=utf8mb4_0900_ai_ci;
/*!40101 SET character_set_client = @saved_cs_client */;

--
-- Dumping data for table `song`
--

LOCK TABLES `song` WRITE;
/*!40000 ALTER TABLE `song` DISABLE KEYS */;
INSERT INTO `song` VALUES (1,'Nightmare','Nightmare\nNow your nightmare comes to life\nDragged you down below, down to the devil\'s show\nTo be his guest forever (peace of mind is less than never)\nHate to twist your mind, but God ain\'t on your side\nAn old acquaintance severed (burn the world your last endeavor)\nFlesh is burning, you can smell it in the air\n\'Cause men like you have such an easy soul to steal (steal)\nSo stand in line while they ink numbers in your head\nYou\'re now a slave until the end of time here\nNothing stops the madness turning\nHaunting, yearning, pull the trigger\nYou should\'ve known the price of evil\nAnd it hurts to know that you belong here, yeah\nOoh, it\'s your fuckin\' nightmare\nWhile your nightmare comes to life\nCan\'t wake up in sweat, \'cause it ain\'t over yet\nStill dancin\' with your demons (victim of your own creation)\nBeyond the will to fight, where all that\'s wrong is right\nWhere hate don\'t need a reason (loathing self-assassination)\nYou\'ve been lied to just to rape you of your sight\nAnd now they have the nerve to tell you how to feel (feel)\nSo sedated as they medicate your brain\nAnd while you slowly go insane they tell you\nGiven with the best intentions\nHelp you with your complications\nYou should\'ve known the price of evil\nAnd it hurts to know that you belong here, yeah\nNo one to call, everybody to fear\nYour tragic fate is lookin\' so clear, yeah\nOoh, it\'s your fuckin\' nightmare\nHa, ha, ha, ha\nFight (fight), not to fail (fail), not to fall (fall)\nOr you\'ll end up like the others\nDie (die), die again (die), drenched in sin (sin)\nWith no respect for another\nOh\nDown (down), feel the fire (fire), feel the hate (hate)\nYour pain is what we desire\nLost (lost), hit the wall (wall), watch you crawl (crawl)\nSuch a replaceable liar\nAnd I know you hear their voices (calling from above)\nAnd I know they may seem real (these signals of love)\nBut our life\'s made up of choices (some without appeal)\nThey took for granted your soul\nAnd it\'s ours now to steal\nAs your nightmare comes to life\nYou should\'ve known the price of evil\nAnd it hurts to know that you belong here, yeah\nNo one to call, everybody to fear\nYour tragic fate is looking so clear, yeah\nOoh, it\'s your fuckin\' nightmare','nightmare.png','00:06:15','2010-07-23',NULL,'2026-06-30 17:11:25',1),(2,'Welcome to the Family','Hey kid (hey kid)\nDo I have your attention?\nI know the way you\'ve been living\nLife\'s so reckless, tragedy endless\nWelcome to the family\nHey\nThere\'s something missing\nOnly time will alter your vision\nNever in question, lethal injection\nWelcome to the family\nNot long ago you find the answers were so crystal clear\nWithin a day you find yourself living in constant fear\nCan you look at yourself now, can you look at yourself?\nYou can\'t win this fight\nIn a way it seems there\'s no one to call\nWhen our thoughts are so numb\nAnd our feelings unsure\nWe all have emptiness inside, we all have answers to find\nBut you can\'t win this fight\nHey kid (hey kid)\nI have to question\nWhat\'s with the violent aggression\nDetails blurry, lost him too early\nWelcome to the family\nHey\nWhy won\'t you listen?\nCan\'t help the people you\'re missing\nIt\'s been done, a casualty rerun\nWelcome to the family\nI try and help you with the things that can\'t be justified\nI need to warn you that there is no way to rationalize\nSo have you figured it out now, so have you figured it out?\nYou can\'t win this fight\nAnd in a way it seems there\'s no one to call\nWhen our thoughts are so numb\nAnd our feelings unsure\nWe all have emptiness inside, we all have answers to find\nBut you can\'t win this fight!\nHere for you and all mankind\nI\'ve lost my mind\nPsychotic rounds in rabid dementia\nI won\'t be fine\nI see you\'re a king who\'s been dethroned\nCast out in a world you\'ve never know\nStand down, place your weapon by your side\nIt\'s our war in the end, we\'ll surely lose but that\'s alright\nSo have you figured it out now, so have you figured it out?\nAnd in a way it seems there\'s no one to call\nWhen our thoughts are so numb\nAnd our feelings unsure\nWe all have emptiness inside, we all have answers to find\nBut you can\'t win this fight\nDeep inside where nothing\'s fine\nI\'ve lost my mind\nYou\'re not invited, so step aside\nI\'ve lost my\nDeep inside where nothing\'s fine\nI\'ve lost my mind\nYou\'re not invited, so step aside\nI\'ve lost my','nightmare.png','00:04:06','2010-07-23',NULL,NULL,1),(3,'Buried Alive','Take the time just to listen\nWhen the voices screaming are much too loud\nTake a look in the distance\nTry and see it all\nChances are that you might find\nThat we share a common discomfort now\nI feel I\'m walking a fine line\nTell me only if it\'s real\nStill, I\'m on my way\n(On and on it goes)\nVacant hope to take\nHey, I can\'t live in here for another day\nDarkness has kept the light concealed\nGrim as ever\nHold on to faith as I dig another grave\nMeanwhile, the mice endure the wheel\nReal as ever\nAnd it seems I\'ve been buried alive\nI walked the fields through the fire\nTaking steps until I found solid ground\nFollowed dreams, reaching higher\nCouldn\'t survive the fall\nMuch has changed since the last time\nAnd I feel a little less certain now\nYou know, I jumped at the first sign\nTell me only if it\'s real\nMemories seem to fade\n(On and on it goes)\nWash my view away\nHey, I can\'t live in here for another day\nDarkness has kept the light concealed\nGrim as ever\nHold on to faith as I dig another grave\nMeanwhile, the mice endure the wheel\nReal as ever\nAnd I\'m chained like a slave\nTrapped in the dark\nSlammed all the locks\nDeath calls my name\nAnd it seems I\'ve been buried alive\nTake you down now\nBurn it all out\nThrow you all around\nGet your fucking hands off me\nWhat\'s it feel like?\nTook the wrong route\nWatch it fall apart\nNow you\'re knockin\' at the wrong gate\nFor you to pay the toll\nA price for you alone\nThe only deal you\'ll find\nI\'ll gladly take your soul\nWhile it seems sick\nSober up quick\nPsycho lunatic\nCrushing you with hands of fate\nShame to find out when it\'s too late\nBut you\'re all the same\nTrapped inside, inferno awaits\nEvil thoughts can hide\nI\'ll help release the mind\nI\'ll peel away the skin\nRelease the dark within\nThis is now your life\nStrike you from the light\nThis is now your life\nDie buried alive\nThis is now your life (what\'s it feel like?)\nStrike you from the light (let me take in your soul)\nThis is now your life (what\'s it feel like?)\nDie buried alive (let me take in your soul)\nThis is now your life\nDie buried alive','nightmare.png','00:06:44','2010-07-23',NULL,NULL,1),(4,'So Far Away','Never feared for anything\nNever shamed but never free\nA life to heal the broken heart with all that it could\nLived a life so endlessly\nSaw beyond what others see\nI tried to heal your broken heart with all that I could\nWill you stay?\nWill you stay away forever?\nHow do I live without the ones I love?\nTime still turns the pages of the book it\'s burned\nPlace and time always on my mind\nI have so much to say but you\'re so far away\nPlans of what our futures hold\nFoolish lies of growing old\nIt seems we\'re so invincible\nThe truth is so cold\nA final song, a last request\nA perfect chapter laid to rest\nNow and then I try to find\nA place in my mind\nWhere you can stay\nYou can stay away forever\nHow do I live without the ones I love?\nTime still turns the pages of the book it\'s burned\nPlace and time always on my mind\nI have so much to say but you\'re so far away\nSleep tight, I\'m not afraid (not afraid)\nThe ones that we love are here with me\nLay away a place for me (place for me)\n\'Cause as soon as I\'m done I\'ll be on my way\nTo live eternally\nHow do I live without the ones I love?\nTime still turns the pages of the book it\'s burned\nPlace and time always on my mind\nAnd the light you left remains\nBut it\'s so hard to stay\nWhen I have so much to say and you\'re so far away\nI love you, you were ready\nThe pain is strong and urges rise\nBut I\'ll see you, when He lets me\nYour pain is gone, your hands untied\nSo far away (so far)\nAnd I need you to know\nSo far away (so far)\nAnd I need you to, need you to know','nightmare.png','00:05:26','2010-07-23',NULL,NULL,1),(5,'Afterlife','Like walking into a dream\nSo unlike what you\'ve seen\nSo unsure but it seems\n\'Cause we\'ve been waiting for you\nFallen into this place\nJust giving you a small taste\nOf your afterlife here so stay\nYou\'ll be back here soon anyway\nI see a distant light\nBut girl, this can\'t be right\nSuch a surreal place to see\nSo how did this come to be?\nArrived too early\nAnd when I think of all the places I just don\'t belong\nI\'ve come to grips with life and realize this is going too far\nI don\'t belong here, we gotta move on, dear\nEscape from this afterlife\n\'Cause this time I\'m right to move on and on\nFar away from here\nA place of hope and no pain\nPerfect skies with no rain\nCan leave this place but refrain\n\'Cause we\'ve been waiting for you\nFallen into this place\nJust giving you a small taste\nOf your afterlife here so stay\nYou\'ll be back here soon anyway\nThis piece on Earth\'s not right (with my back against the wall)\nNo pain or sign of time (I\'m much too young to fall)\nSo out of place, don\'t wanna stay\nI feel wrong and that\'s my sign\nI\'ve made up my mind\nGive me your hand but realize I just wanna say goodbye\nPlease understand I have to leave and carry on my own life\nI don\'t belong here, we gotta move on, dear\nEscape from this afterlife\n\'Cause this time I\'m right to move on and on\nFar away from here\nGot nothing against you and surely I\'ll miss you\nThis place full of peace and light\nAnd I\'d hope you might take me back inside\nWhen the time is right\nLoved ones back home all crying \'cause they\'re already missing me\nI pray by the grace of God that there\'s somebody listening\nGive me a chance to be that person I wanna be (I am unbroken, I\'m choking on this ecstasy)\nOh Lord, I\'ll try so hard, but you gotta let go of me\n(Unbreak me, unchain me, I need another chance to live)\nI don\'t belong here, we gotta move on, dear\nEscape from this afterlife\n\'Cause this time I\'m right to move on and on\nFar away from here\nGot nothing against you and surely I\'ll miss you\nThis place full of peace and light\nAnd I\'d hope you might take me back inside\nWhen the time is right','cityofevil.jpg','00:05:52','2005-06-06',NULL,NULL,2),(6,'Bat Country','He who makes a beast out of himself\nGets rid of the pain of being a man\nCaught here in a fiery blaze, won\'t lose my will to stay\nI tried to drive all through the night\nThe heat stroke ridden weather, the barren empty sights\nNo oasis here to see, the sand is singing deathless words to me\nCan\'t you help me as I\'m startin\' to burn (all alone)\nToo many doses, and I\'m starting to get an attraction\nMy confidence is leaving me on my own (all alone)\nNo one can save me, and you know I don\'t want the attention\nAs I adjust to my new sights\nThe rarely tired lights will take me to new heights\nMy hand is on the trigger, I\'m ready to ignite\nTomorrow might not make it but everything\'s all right\nMental fiction, follow me, show me what it\'s like to be set free\nCan\'t you help me as I\'m startin\' to burn (all alone)\nToo many doses, and I\'m starting to get an attraction\nMy confidence is leaving me on my own (all alone)\nNo one can save me, and you know I don\'t want the attention\nSo sorry you\'re not here\nI\'ve been chained too long, my vision\'s so unclear\nNow take a trip with me\nBut don\'t be surprised when things aren\'t what they seem\nCaught here in a fiery blaze, won\'t lose my will to stay\nThese eyes won\'t see the same after I flip today\nSometimes I don\'t know why we\'d rather live than die\nWe look up towards the sky for answers to our lives\nWe may get some solutions, but most just pass us by\nDon\'t want your absolution \'cause I can\'t make it right\nI\'ll make a beast out of myself, yeah\nGets rid of all the pain of being a man\nCan\'t you help me as I\'m startin\' to burn (all alone)\nToo many doses, and I\'m starting to get an attraction\nMy confidence is leaving me on my own (all alone)\nNo one can save me, and you know I don\'t want the attention\nSo sorry you\'re not here\nI\'ve been sane too long, my vision\'s so unclear\nNow take a trip with me\nBut don\'t be surprised when things aren\'t what they seem\nI\'ve known it from the start\nAll these good ideas will tear your brain apart\nScared, but you can follow me\nI\'m too weird to live, but much too rare to die','cityofevil.jpg','00:05:13','2005-06-06',NULL,NULL,2),(7,'Tears Don\'t Fall','Let\'s go\nWith bloodshot eyes, I watch you sleepin\'\nThe warmth I feel beside me is slowly fading\nWould she hear me if I called her name?\nWould she hold me if she knew my shame?\nThere\'s always something different going wrong\nThe path I walk\'s in the wrong direction\nThere\'s always someone fucking hanging on\nCan anybody help me make things better?\nYour tears don\'t fall, they crash around me\nHer conscience calls the guilty to come home\nYour tears don\'t fall, they crash around me\nHer conscience calls the guilty to come home\nThe moments died, I hear no screaming\nThe visions left inside me are slowly fading\nWould she hear me if I called her name?\nWould she hold me if she knew my shame?\nThere\'s always something different going wrong\nThe path I walk\'s in the wrong direction\nThere\'s always someone fucking hanging on\nCan anybody help me make things better?\nYour tears don\'t fall, they crash around me\nHer conscience calls the guilty to come home\nYour tears don\'t fall, they crash around me\nHer conscience calls the guilty to come home\nOh\nYeah\nThis battered room I\'ve seen before\nThe broken bones, they heal no more, no more\nWith my last breath, I\'m choking\nWill this ever end? I\'m hoping\nMy world is over one more time\nLet\'s go\nWould she hear me if I called her name?\nWould she hold me if she knew my shame?\nThere\'s always something different going wrong\nThe path I walk\'s in the wrong direction\nThere\'s always someone fucking hanging on\nCan anybody help me make things better?\nYour tears don\'t fall, they crash around me\nHer conscience calls the guilty to come home\n(Tears) your tears (don\'t) don\'t fall, they crash around me\n(Conscience) her conscience calls the guilty to come-\nyour tears don\'t fall, they crash around me\n(Conscience) her conscience calls the guilty to come home','thepoison.jpg','00:05:49','2005-10-03',NULL,NULL,3),(8,'All These Things I Hate','Once more, I\'ll say goodbye to you\nThings happen, but we don\'t really know why\nIf it\'s supposed to be like this\nWhy do most of us ignore the chance to miss?\nOh, yeah\nTorn apart at the seams and my dreams turn to tears\nI\'m not feeling this situation\nRun away, try to find that safe place you can hide\nIt\'s the best place to be when you\'re feeling like\nAll these things I hate revolve around me (me), yeah (yeah)\nJust back off before I snap\nOnce more, you tell those lies to me\nWhy can\'t you just be straight up with honesty?\nWhen you say those things in my ear\nWhy do you always tell me what you wanna hear?\nOh, yeah\nWear your heart on your sleeve, make things hard to believe\nI\'m not feeling this situation\nRun away, try to find that safe place you can hide\nIt\'s the best place to be when you\'re feeling like\nAll these things I hate revolve around me (me), yeah (yeah)\nJust back off before I snap, and you\'ll see me (me)\nAll these things I hate revolve around me, yeah\nJust back off before I snap\nGo\nTorn apart at the seams and my dreams turn to tears\nI\'m not feeling this situation\nRun away, try to find that safe place you can hide\nIt\'s the best place to be when you\'re feeling like me\nIt\'s the best place to be when you\'re\nAll these things I hate revolve around me (me), yeah (yeah)\nJust back off before I snap, and you\'ll see me\nAll these things I hate revolve around me, yeah\nJust back off before I snap\nThank you','thepoison.jpg','00:03:45','2005-10-03',NULL,NULL,3),(9,'Hit the Floor','I see you walking home alone, your face is alive and bright\nBut you can\'t see how weak you are \'cause I could end it tonight\nIt\'s the feeling you get when you think that someone behind is watching you\nWell, I can tell you now that someone is me, and I\'m about to make it right\nWhy do you take it all? Why do I beg for more?\nI never thought that this is how I\'d hit the floor\nWhy do you take it all? Why do I beg for more?\nI never thought that this is how I\'d hit the floor\nI creep up from behind, touch your neck, move down to your spine\nYou take a look and breathe so sharp, just a matter of time\nDon\'t scream,  I ask of you, but then you let one out, so now it\'s time to go\nI come down on you like a ton of bricks all over, so it\'s time to go\nWhy do you take it all? Why do I beg for more?\nI never thought that this is how I\'d hit the floor\nWhy do you take it all? Why do I beg for more?\nI never thought that this is how I\'d hit the floor\nHit the floor\nWhoa, oh\nWhoa, oh\nWhoa, oh\nWhoa, oh\nWhy do you take it all? Why do I beg for more?\nI never thought that this is how I\'d hit the floor\nWhy do you take it all? Why do I beg for more?\nI never thought that this is how I\'d hit the floor\nTake this for me, I don\'t wanna hurt you\nTake this for me, I don\'t wanna hurt you','thepoison.jpg','00:03:30','2005-10-03',NULL,NULL,3),(10,'Room 409','Yeah\nI can\'t believe what I\'ve seen, so scratch my eyes out\nYou were at ease on your knees in his apartment\nYou said his name as I came in your direction\nNow I can choose what to do with both of you\nI loved you (I hate you)\nYou hurt me (I love you)\nI loved you, you hurt me bad (go)\nYour words bury me of what I used to be\nI can\'t erase all those things I\'ve seen\nYour heart smothers me and now it\'s hard to breathe\nI can\'t erase all my memories\nI take a step to the left, now you see me\nTears start to pour as you crawl in his apartment\nYou screamed his name as I came in your direction\nFists start to fly, say goodbye there\'s no excuses\nI loved you (I hate you)\nYou hurt me (I love you)\nI loved you, you hurt me bad (go)\nYour words bury me of what I used to be\nI can\'t erase all those things I\'ve seen\nYour heart smothers me and now it\'s hard to breathe\nI can\'t erase all my memories (oh)\nGet up (hey), there\'s no excuses\n(Hey, hey) there\'s no excuses (hey)\nI loved you (I hate you)\nYou hurt me (I love you)\nI loved you, you hurt me bad (go)\nYour words bury me of what I used to be\nI can\'t erase all those things I\'ve seen\nYour heart smothers me and now it\'s hard to breathe\nI can\'t erase all my memories\n(Erase all my memories of you)','thepoison.jpg','00:04:01','2005-10-03',NULL,NULL,3),(11,'The Poison','Now is your time to die\nWe\'ve gathered here to say goodbye\nNo more you\'ll cry\nNo reason left for you to fight\nFeel pain no more\nEmotions never felt before\nWhere do we go, we go?\nShe\'ll never know\nHolding on to you to keep from falling\nYour eyes are closing now, another chapter\'s ending\nHard times, we always saw\nThere\'s nothing left of you no more\nFear has no place, no place\nCover her face\nHolding on to you to keep from falling\nYour eyes are closing now, another chapter\'s ending\nThis is our last goodbye (goodbye)\nThis is our time tonight\nHolding on to you\nCover up her face\nHolding on to you to keep from falling\nHolding on to you to keep from falling\nYour eyes are closing now, another chapter\'s ending\nThis is our last goodbye (goodbye)\nThis is our time tonight (goodbye)\nThis is our last goodbye','thepoison.jpg','00:06:39','2005-10-03',NULL,NULL,3),(12,'Follow the Reaper','Death be not proud,\nThough somehave called thee mighty and dreadful\nThou Art Not So\'\'\n\nLoosing the war I\'m feining to win\nThough I never tried to to strive deep from within.\nLife could be beautiful for anybody it\'s for,\nBut I\'d swear this mothafuckin\' shit is rotten to the core.\n\nThe portal has been past and it\'s time to make a turn,\nTo follow the reaper until the point of no return.\n\nWhen your blindly death-raying blade\nsweeps the griefs and fears away.\nI cross my heart and hope to die thy freedom will be mine.\n\nSinking down in the ocean of severe emotions.\nGrab a bottle to drink up the pain-reliefing potion.\nBut after all, that got boring too,\nSo no matter what happens, I couldn\'t give a damn or two.\n\nThe portal has been past \'til the point of no return.\nNo more lines to cross, no bridges to burn.\n\nNow when your blindly death-raying blade\nswept my griefs and tears away.\nI\'d never go back to cross that line.\nI cross my heart and hope to die\n\n\'I was only 21 when I died\'\n','followthereaper.jpg','00:04:38','2000-10-30',NULL,NULL,4),(13,'Mask of Sanity','I can\'t waste away, I\'m slowly losing my way forever\nBetter raise your slave for me anymore\nDaylight\'s sin inside, day\'s growing closer, wait for pain\nI cannot wait another night to be alone\n\nVoices are calling me, \'be my night!\' this devil\'s sigh\nYeah, shadows are tainting me, yeah,\nI know that only you can render pain\n\nPeace of mind, you run away from me\nSo make me lose my mask of sanity\n\nI can\'t waste away, I\'m slowly getting my way forever\nBetter is what I used to feel alone\nShattered light\'s sin in taint, day\'s growing longer, wait for pain\nI cannot wait another night to be with you\n\nPeace of mind, you run away from me\nSo make me lose my mask of sanity\n\nPeace of mind, you run away from me\nSo make me lose my mask of sanity','followthereaper.jpg','00:03:59','2000-10-30',NULL,NULL,4),(14,'Taste of My Scythe','Rip and cut, and mutilate the innocent, his friends and again and again, and on and on!\n\nYou make me own my life in hell\nMy kingdom back to the bound\nYou say you don\'t make it alone\nKingdom back to the lord\n\nFalling\nI say you too, falling\nYou too, born to die\n\nCome and die\n\nOne day I\'ll face you all alone\nEnduring out with wind and ice\nIt\'s payback time, it\'s your demise sought to feel\nThey\'ll taste of my scythe\n\nYou say, My ear! My god! Who help me?\nGod take yours in shame\nBack too low, I want your head\nIn a plate to feel my eyes\nCome with me, I want your blood\nTo save it on my eyes\nI want you and in the plate to be\nComing in the sky\nYou might also like\nHate Me!\nChildren of Bodom\nMask of Sanity\nChildren of Bodom\nAre You Dead Yet?\nChildren of Bodom\nCome with hate\nCome and try\n\nOne day I\'ll face you all alone\nEnduring out with wind and ice\nIt\'s payback time, it\'s your demise\nUntil they feel, taste of my scythe','followthereaper.jpg','00:04:51','2000-10-30',NULL,NULL,4),(15,'Everytime I Die','Ow\nOh\nThe faint blaze of the candle of my life\nSlowly dying like a fire in a pouring rain\nNo sparks of hope inside\nNo shooting stars on my sky\nOn broken wings, no flying high\nAnother night, another demise\nCadaverous wind blowing cold as ice\nYou\'ll let the wind blow out the light\n\'Cause it gets more painful everytime I die\nOut of strength to fight\nI cannot take another night\nI cannot take it no more\nLust of light slips through my fingers\nLike blood on my arms\nBlack candle wax has buried me\nAnother night, another demise\nCadaverous wind blowing cold as ice\nYou\'ll let the wind blow out the light\n\'Cause it gets more painful everytime I die','followthereaper.jpg','00:04:03','2000-10-30',NULL,NULL,4),(16,'Children of Decadence','[Verse 1]\nRunning undercover of the moonlight shadow death row\nAt the night, we\'re running wild with no hope for tomorrow...\nNo tomorrow!!!\n\nAs we\'re walking through the fire\nThat burns within us all\nIf ya wanna take a glance to the blaze of pain\nYou will never be the same\n\nYou wanna get closer and get a taste of death?\nOoh, I know ya wanna fuck me down till I\'m bleeding red\nI couldn\'t care less, I\'ll end up rotting in the mud\nSo c\'mon, motherfucker, and gimme yer best shot\n\nYou really thought you\'d see through what I am and what I need\nWe are children of rebellion - we\'ll fight, we\'ll bleed\nDon\'t try to come to preach over us and over me\nWe\'re children of decadence - we\'re right, we\'re real\nWe will fight, we\'ll bleed - we\'re motherfucking dying breed\nWe\'re slowly dying...\n\nAll wrecked and fucked, I wonder if this is the way I\'m supposed to go\nBut that is all I ever got, that is all I\'ll ever get, so I just let it go...\nYou might also like\nAre You Dead Yet?\nChildren of Bodom\nNeedled 24/7\nChildren of Bodom\nTowards Dead End\nChildren of Bodom\n\nAs we\'re walking through the fire\nThat burns within us all\nIf ya wanna take a glance to the blaze of pain\nYou will never be the same\n\nYou wanna get closer and get a taste of death?\nOoh, I know ya wanna fuck me down till I\'m bleeding red\nI couldn\'t care less, I\'ll end up rotting in the mud\nSo c\'mon, motherfucker, and gimme yer best shot\n\nYou really thought you\'d see through what I am and what I need\nWe are children of rebellion - we\'ll fight, we\'ll bleed\nDon\'t try to come to preach over us and over me\nWe\'re children of decadence - we\'re right, we\'re real\nWe will fight, we\'ll bleed - we\'re motherfucking dying breed\nWe\'re slowly dying...\n\n\nYou wanna get closer and get a taste of death?\nWoah, I know ya wanna fuck me down till I\'m bleeding red\nI couldn\'t care less, I\'ll end up rotting in the mud\nSo c\'mon, motherfucker, and gimme yer best shot\n\nYou really thought you\'d see through what I am and what I need\nWe are children of rebellion - we\'ll fight, we\'ll bleed\nDon\'t try to come to preach over us and over me\nWe\'re children of decadence - we\'re right, we\'re real\nWe will fight, we\'ll bleed - we\'re motherfucking dying breed\nWe\'re slowly dying...','followthereaper.jpg','00:05:34','2000-10-30',NULL,NULL,4),(17,'Benz Truck','\nLil Bo Peep with a brand new bitch\nIn the back of the club with the GothBoiClique\nIced out teeth on an iced out whip\nWith the limousine tints, you can suck my dick\nFriends switch up when you in a Benz truck (Skrrt)\nAlways wanna fuck, tell a bitch, Good luck\nAlways wanna fuck \'cause I just came up, yeah\n\nLil Bo Peep with a brand new bitch\nIn the back of the club with the GothBoiClique\nIced out teeth on an iced out whip\nWith the limousine tints, you can suck my dick\nFriends switch up when you in a Benz truck (Skrrt)\nAlways wanna fuck, tell a bitch, Good luck\nAlways wanna fuck \'cause I just came up\nDrugs in my nose, good drugs in my cup\n\nI don\'t wanna wait now\nBut I know you gon\' make me\nWho you wanna hate now?\nPretty soon you gonna hate me\nGettin\' to the cake now\nAll the hate don\'t faze me\nAll the money that I make now\nI\'ll never let it change me\nI don\'t wanna wait now\nBut I know you gon\' make me\nWho you wanna hate now?\nPretty soon you gonna hate me\nGettin\' to the cake now\nAll the hate don\'t faze me\nAll the money that I make now\nI\'ll never let it change me\n\nLil Bo Peep with a brand new bitch\nIn the back of the club with the GothBoiClique\nIced out teeth on an iced out whip\nWith the limousine tints, you can suck my dick\nFriends switch up when you in a Benz truck (Skrrt)\nAlways wanna fuck, tell a bitch, Good luck\nAlways wanna fuck \'cause I just came up\nDrugs in my nose, good drugs in my cup\nLil Bo Peep with a brand new bitch\nIn the back of the club with the GothBoiClique\nIced out teeth on an iced out whip\nWith the limousine tints, you can suck my dick','cowys_pt1.jpg','00:02:40','2017-08-15',NULL,NULL,5),(18,'Awful Things','Bother me, tell me awful things\nYou know I love it when you do that\nHelps me get through this without you\n\nBother me, tell me awful things\nYou know I love it when you do that\nHelps me get through this without you\nBother me, tell me awful things\nYou know I love it when you move that on me\nLove it when you do that on me\n\nYou like attention, I find it obvious\nShe makes it obvious for me\nShe feels the tension\nIt\'s just the two of us, it\'s just the two of us tonight\nBurn me down \'til I\'m nothin\' but memories\nI get it, girl (I get it, girl)\nI get it, girl\nBurn me down \'til I\'m nothin\' but memories\nI get it, girl (I get it, girl)\nI\'m not the one\n\nBother me, tell me awful things\nYou know I love it when you do that\nHelps me get through this without you\nBother me, tell me awful things\nYou know I love it when you move that on me\nLove it when you do that on me\n\nDon\'t you turn your back on me\nLet your teardrops fall on me\nSpeeding away, the city in the rear view\nHeart racing whenever I\'m near you\nGoth Boi jumpin\' off stage\nCarry me away, carry me away\nBurn me down \'til there\'s nothing left\nI would scream your name with my last breath\nTake off your favorite dress\nLay your head on my chest\nDiamonds, rubies and gems\nYou can have all of them\n\nBother me, tell me awful things\nYou know I love it when you do that\nHelps me get through this without you\nBother me, tell me awful things\nYou know I love it when you move that on me\nLove it when you do that on me\n','cowys_pt1.jpg','00:03:33','2017-08-15',NULL,NULL,5),(19,'U Said','Runnin\' away from you takes time and pain, and I don\'t even want to\nSo I\'m gettin\' high all week without you\nPopping pills, thinking about you (thinking about you)\nRunnin\' away from you takes time and pain\nAnd I don\'t even want to\nSo I\'m gettin\' high all week without you\nPopping pills, thinking about you\nI wish I didn\'t have a heart to love you (I wish I didn\'t have a heart to love you)\nI wish I didn\'t play a part to break you (I wish I didn\'t play a part to break you)\nI wish I didn\'t do a lot of the shit I do (the shit I do)\nAnd I wish you didn\'t too\nRunnin\' away from you takes time and pain\nAnd I don\'t even want to\nSo I\'m gettin\' high all week without you\nPopping pills, thinking about you\nI wish I didn\'t have a heart to love you (I wish I didn\'t have a heart to love you)\nI wish I didn\'t play a part to break you (I wish I didn\'t play a part to break you)\nI wish I didn\'t do a lot of the shit I do (the shit I do)\nAnd I wish you didn\'t too\nTell me that you hate me\nSometimes life gets fucked up (fucked up)\nThat\'s why we get fucked up (we get fucked up)\nI can still feel your touch\nI still do those same drugs\nSometimes life gets fucked up (fucked up)\nThat\'s why we get fucked up (fucked up)\nI can still feel your touch\nI still do those same drugs\nThat we used to do\nI was used to you (I was used to you)\nWhat have you been through?\nShe asked me\nEvery fuckin\' kind of abuse\nIf you love me too\nYou would give me you (you would give me you)\nLock me in your room\nDon\'t tell me the truth\nEverything you said (everything you said)\nStares inside my head (stares inside my head)\nAll the shit you said\nAll the blood I bled\nSometimes life gets fucked up (fucked up)\nThat\'s why we get fucked up (we get fucked up)\nI can still feel your touch\nI still do those same drugs\nSometimes life gets fucked up (fucked up)\nThat\'s why we get fucked up (fucked up)\nI can still feel your touch\nI still do those same drugs','cowys_pt1.jpg','00:03:56','2017-08-15',NULL,NULL,5),(20,'Save That Shit','Fuck my life, can\'t save that girl\nDon\'t tell me you could save that shit\nAll she want is payback for the way I always play that shit\nYou ain\'t gettin\' nothin\' that I\'m sayin\'\nDon\'t tell me you is\nNothin\' like them other motherfuckers\nI can make you rich (I can make you rich)\nI can make you this, baby, I can make you that\nI can take you there, but baby, you won\'t make it back\nGrowin\' sick of this and I don\'t wanna make you sad\nDo I make you scared? Baby, won\'t you take me back?\nNothin\' like them other motherfuckers\nI can make you rich (I can make you rich)\nNothin\' like them other motherfuckers\nI can make you rich (I can make you rich)\nFuck my life, can\'t save that girl\nDon\'t tell me you could save that shit\nAll she want is payback for the way I always play that shit\nYou ain\'t gettin\' nothin\' that I\'m sayin\'\nDon\'t tell me you is\nNothin\' like them other motherfuckers\nI can make you rich (I can make you rich)\nI can make you this, baby, I can make you that\nI can take you there, but baby, you won\'t make it back\nGrowin\' sick of this and I don\'t wanna make you sad\nDo I make you scared? Baby, won\'t you take me back?\nDown another lonely road, I go\nJust another lonely road, oh\nI just wanna know, I just gotta know\nDo you wanna glow? Baby, we could glow\nFuck my life, can\'t save that girl\nDon\'t tell me you could save that shit\nAll she want is payback for the way I always play that shit\nYou ain\'t gettin\' nothin\' that I\'m sayin\'\nDon\'t tell me you is\nNothin\' like them other motherfuckers\nI can make you rich (I can make you rich)\nI can make you this, baby, I can make you that\nI can take you there, but baby, you won\'t make it back\nGrowin\' sick of this and I don\'t wanna make you sad\nDo I make you scared? Baby, won\'t you take me back?\nDo I make you scared? Baby, won\'t you take me back?\nNothin\' like them other motherfuckers\nI can make you rich (I can make you rich)','cowys_pt1.jpg','00:03:52','2017-08-15',NULL,NULL,5),(21,'The Brightside','\nI know that you want me, you know that I want you\nThe memories haunt me, I know that they haunt you too\nBut it\'s alright, you\'ll be fine\nBaby, it\'s alright, you\'ll be fine\nAs long as you\'re mine, take a look at the time\nIt gets cold at night, when you\'re alone outside\nBut it\'s fine, I\'ll be fine\nPay me no mind, girl, pay me no mind\n\nJust look at the bright side (Just look at the bright side)\nJust look at the club lights (Rollin\' under the club lights)\nI gotta look at the bright side (Look at the bright side)\nI guess she wasn\'t the one, right, this isn\'t what love\'s like, that\'s for sure\n\nHelp me find a way to pass the time (To pass the time)\nEverybody tellin\' me life\'s short, but I wanna die (I wanna die)\nHelp me find a way to make you mine (Make you mine)\nEverybody tellin\' me not to, but I\'m gonna try\nNow I\'m gettin\' high again, tonight\n\nI know that you want me, you know that I want you\nThe memories haunt me, I know that they haunt you too\nBut it\'s alright, you\'ll be fine\nBaby, it\'s alright, you\'ll be fine\nAs long as you\'re mine, take a look at the time\nIt gets cold at night, when you\'re alone outside\nBut it\'s fine, I\'ll be fine\nPay me no mind, girl, pay me no mind\n\nJust look at the bright side (Just look at the bright side)\nJust look at the club lights (Rollin\' under the club lights)\nI gotta look at the bright side (Look at the bright side)\nI guess she wasn\'t the one, right, this isn\'t what love\'s like, that\'s for sure\n\nHelp me find a way to pass the time (To pass the time)\nEverybody tellin\' me life\'s short, but I wanna die (I wanna die)\nHelp me find a way to make you mine (Make you mine)\nEverybody tellin\' me not to, but I\'m gonna try\nNow I\'m gettin\' high again, tonight\n\nJust look at the bright side (Just look at the bright side)\nJust look at the club lights (Rollin\' under the club lights)\nJust look at the nightlife (Just look at the nightlife)\nWatchin\' the sunrise by my side\nWe gotta look at the bright side (Just look at the bright side)\nRollin\' under the club lights (Rollin\' under the club lights)\nI gotta look at the bright side (Just look at the bright side)\nI guess she wasn\'t the one, right\nThis isn\'t what love\'s like\nThat\'s for sure ','cowys_pt1.jpg','00:03:58','2017-08-15',NULL,NULL,5),(22,'Animal I Have Become','I can\'t escape this hell\nSo many times I\'ve tried\nBut I\'m still caged inside\nSomebody get me through this nightmare\nI can\'t control myself\nSo what if you can see the darkest side of me?\nNo one would ever change this animal I have become\nHelp me believe it\'s not the real me\nSomebody help me tame this animal\n(This animal, this animal)\nI can\'t escape myself\n(I can\'t escape myself)\nSo many times I\'ve lied\n(So many times I\'ve lied)\nBut there\'s still rage inside\nSomebody get me through this nightmare\nI can\'t control myself\nSo what if you can see the darkest side of me?\nNo one would ever change this animal I have become\nHelp me believe it\'s not the real me\nSomebody help me tame this animal I have become\nHelp me believe it\'s not the real me\nSomebody help me tame this animal\nSomebody help me through this nightmare\nI can\'t control myself\nSomebody wake me from this nightmare\nI can\'t escape this hell\nSo what if you can see the darkest side of me?\nNo one will ever change this animal I have become\nHelp me believe it\'s not the real me\nSomebody help me tame this animal I have become\nHelp me believe it\'s not the real me\nSomebody help me tame this animal\n(This animal I have become)','one_x.jpg','00:03:51','2006-06-13',NULL,NULL,6),(23,'Pain','\nPain, without love\nPain, I can\'t get enough\nPain, I like it rough\n\'Cause I\'d rather feel pain than nothing at all\n\nYou\'re sick of feeling numb\nYou\'re not the only one\nI\'ll take you by the hand\nAnd I\'ll show you a world that you can understand\n\nThis life is filled with hurt\nWhen happiness doesn\'t work\nTrust me, and take my hand\nWhen the lights go out you\'ll understand\n\nPain (Pain), without love\nPain (Pain), I can\'t get enough\nPain (Pain), I like it rough\n\'Cause I\'d rather feel pain than nothing at all\nPain (Pain), without love\nPain (Pain), I can\'t get enough\nPain (Pain), I like it rough\n\'Cause I\'d rather feel pain than nothing at all\n\nAnger and agony\nAre better than misery\nTrust me I\'ve got a plan\nWhen the lights go up you\'ll understand\n\nPain (Pain), without love\nPain (Pain), I can\'t get enough\nPain (Pain), I like it rough\n\'Cause I\'d rather feel pain than nothing at all\nPain (Pain), without love\nPain (Pain), I can\'t get enough\nPain (Pain), I like it rough\n\'Cause I\'d rather feel pain than nothing\nRather feel pain\n\nI know, I know, I know, I know (I know)\nThat you\'re wounded\nYou know, you know, you know, you know (You know)\nThat I\'m here to save you\nYou know, you know, you know, you know (You know)\nI\'m always here for you\nI know, I know, I know, I know (I know)\nThat you\'ll thank me later\n\nPain, without love\nPain, can\'t get enough\nPain, I like it rough\n\'Cause I\'d rather feel pain than nothing at all\n\nPain (Pain), without love\nPain (Pain), I can\'t get enough\nPain (Pain), I like it rough\n\'Cause I\'d rather feel pain than nothing at all\nPain (Pain), without love\nPain (Pain), I can\'t get enough\nPain (Pain), I like it rough\n\'Cause I\'d rather feel pain than nothing at all\nRather feel pain than nothing at all\nRather feel pain\n\n','one_x.jpg','00:03:22','2006-06-13',NULL,NULL,6),(24,'Never Too Late','This world will never be what I expected\nAnd if I don\'t belong, who would have guessed it?\nI will not leave alone everythin\' that I own\nTo make you feel like it\'s not too late, it\'s never too late\nEven if I say it\'ll be alright\nStill, I hear you say, you want to end your life\nNow and again, we try to just stay alive\nMaybe we\'ll turn it all around, \'cause it\'s not too late\nIt\'s never too late\nNo one will ever see this side reflected\nAnd if there\'s something wrong, who would have guessed it?\nAnd I have left alone everything that I own\nTo make you feel like it\'s not too late, it\'s never too late\nEven if I say it\'ll be alright\nStill, I hear you say, you want to end your life\nNow and again, we try to just stay alive\nMaybe we\'ll turn it all around, \'cause it\'s not too late\nIt\'s never too late\nThe world we knew won\'t come back\nThe time we\'ve lost can\'t get back\nThe life we had won\'t be ours again\nThis world will never be what I expected\nAnd if I don\'t belong\nEven if I say it\'ll be alright\nStill, I hear you say, you want to end your life\nNow and again, we try to just stay alive\nMaybe we\'ll turn it all around, \'cause it\'s not too late\nIt\'s never too late\nMaybe we\'ll turn it all around, \'cause it\'s not too late\nIt\'s never too late (it\'s never too late)\nIt\'s not too late, it\'s never too late','one_x.jpg','00:03:29','2006-06-13',NULL,NULL,6),(25,'Riot','If you feel so empty\nSo used up, so let down\nIf you feel so angry\nSo ripped off, so stepped on\nYou\'re not the only one refusing to back down\nYou\'re not the only one, so get up\nLet\'s start a riot\nA riot\nLet\'s start a riot\nLet\'s start a riot\nA riot\nLet\'s start a riot\nIf you feel so filthy\nSo dirty, so fucked up\nIf you feel so walked on\nSo painful, so pissed off\nYou\'re not the only one\nRefusing to go down\nYou\'re not the only one, so get up\nLet\'s start a riot\nA riot\nLet\'s start a riot\nLet\'s start a riot\nA riot\nLet\'s start a riot\nIf you feel so empty\nSo used up, so let down\nIf you feel so angry\nJust get up\nLet\'s start a riot\nA riot\nLet\'s start a riot\nLet\'s start a riot\nA riot\nLet\'s start a riot\nLet\'s start a riot\nA riot\nLet\'s start a riot\nA riot\nLet\'s start a riot\nA riot\nLet\'s start a riot\nLet\'s start a riot\nA riot\nLet\'s start a riot','one_x.jpg','00:03:27','2006-06-13',NULL,NULL,6),(26,'One-X','Do you think about\nEverything you\'ve been through?\nYou never thought you\'d be so depressed\nAre you wondering\nIs it life or death?\nDo you think that there\'s no one like you?\nWe are, we are, we are\nWe are the ones\nWe get knocked down\nWe get back up, and stand above the crowd\nWe are one\nWe are the ones\nWe get knocked down\nWe get back up, and stand above the crowd\nWe are one\nThe life I think about\nIs so much better than this\nI never thought I\'d be stuck in this mess\nI\'m sick of wondering\nIs it life or death?\nI need to figure out who\'s behind me\nWe are, we are, we are\nWe are the ones\nWe get knocked down\nWe get back up, and stand above the crowd\nWe are one\nWe are the ones\nWe get knocked down\nWe get back up, and stand above the crowd\nWe are one\nThe life I think about\nIs so much better than this\nI never thought I\'d be stuck in this mess\nI\'m sick of wondering\nIs it life or death?\nWe are the ones\nWe get knocked down\nWe get back up, and stand above the crowd\nWe are one\nWe are the ones\nWe get knocked down\nWe get back up, and stand above the crowd\nWe are one\nWe stand above the crowd\nWe stand above the crowd\nWe stand above the crowd (crowd)\n(We stand) we stand above the crowd\nWe stand above the crowd (we stand)\nWe stand above the crowd\nwe stand above the crowd\n(We get knocked down, get back up) we stand above the crowd\n(We are the ones) we stand above the crowd\n(We get knocked down, get back up) we stand above the crowd\nWe stand above the crowd\nWe stand above the crowd\nWe stand above the crowd','one_x.jpg','00:04:06','2006-06-13',NULL,NULL,6);
/*!40000 ALTER TABLE `song` ENABLE KEYS */;
UNLOCK TABLES;

--
-- Table structure for table `songgenre`
--

DROP TABLE IF EXISTS `songgenre`;
/*!40101 SET @saved_cs_client     = @@character_set_client */;
/*!50503 SET character_set_client = utf8mb4 */;
CREATE TABLE `songgenre` (
  `songId` int unsigned NOT NULL,
  `genreId` int unsigned NOT NULL,
  PRIMARY KEY (`songId`,`genreId`),
  KEY `genreId` (`genreId`),
  CONSTRAINT `songgenre_ibfk_1` FOREIGN KEY (`songId`) REFERENCES `song` (`songId`) ON DELETE RESTRICT ON UPDATE CASCADE,
  CONSTRAINT `songgenre_ibfk_2` FOREIGN KEY (`genreId`) REFERENCES `genre` (`genreId`) ON DELETE RESTRICT ON UPDATE CASCADE
) ENGINE=InnoDB DEFAULT CHARSET=utf8mb4 COLLATE=utf8mb4_0900_ai_ci;
/*!40101 SET character_set_client = @saved_cs_client */;

--
-- Dumping data for table `songgenre`
--

LOCK TABLES `songgenre` WRITE;
/*!40000 ALTER TABLE `songgenre` DISABLE KEYS */;
INSERT INTO `songgenre` VALUES (1,1),(2,1),(3,1),(4,1),(5,1),(6,1),(12,2),(13,2),(14,2),(15,2),(16,2),(7,3),(8,3),(9,3),(10,3),(11,3),(17,4),(18,4),(19,4),(20,4),(21,4),(22,5),(23,5),(24,5),(25,5),(26,5);
/*!40000 ALTER TABLE `songgenre` ENABLE KEYS */;
UNLOCK TABLES;

--
-- Table structure for table `songsinger`
--

DROP TABLE IF EXISTS `songsinger`;
/*!40101 SET @saved_cs_client     = @@character_set_client */;
/*!50503 SET character_set_client = utf8mb4 */;
CREATE TABLE `songsinger` (
  `songId` int unsigned NOT NULL,
  `singerId` int unsigned NOT NULL,
  PRIMARY KEY (`songId`,`singerId`),
  KEY `singerId` (`singerId`),
  CONSTRAINT `songsinger_ibfk_1` FOREIGN KEY (`songId`) REFERENCES `song` (`songId`) ON DELETE RESTRICT ON UPDATE CASCADE,
  CONSTRAINT `songsinger_ibfk_2` FOREIGN KEY (`singerId`) REFERENCES `singer` (`singerId`) ON DELETE RESTRICT ON UPDATE CASCADE
) ENGINE=InnoDB DEFAULT CHARSET=utf8mb4 COLLATE=utf8mb4_0900_ai_ci;
/*!40101 SET character_set_client = @saved_cs_client */;

--
-- Dumping data for table `songsinger`
--

LOCK TABLES `songsinger` WRITE;
/*!40000 ALTER TABLE `songsinger` DISABLE KEYS */;
INSERT INTO `songsinger` VALUES (1,1),(2,1),(3,1),(4,1),(5,1),(6,1),(7,2),(8,2),(9,2),(10,2),(11,2),(12,3),(13,3),(14,3),(15,3),(16,3),(17,4),(18,4),(19,4),(20,4),(21,4),(22,5),(23,5),(24,5),(25,5),(26,5);
/*!40000 ALTER TABLE `songsinger` ENABLE KEYS */;
UNLOCK TABLES;
/*!40103 SET TIME_ZONE=@OLD_TIME_ZONE */;

/*!40101 SET SQL_MODE=@OLD_SQL_MODE */;
/*!40014 SET FOREIGN_KEY_CHECKS=@OLD_FOREIGN_KEY_CHECKS */;
/*!40014 SET UNIQUE_CHECKS=@OLD_UNIQUE_CHECKS */;
/*!40101 SET CHARACTER_SET_CLIENT=@OLD_CHARACTER_SET_CLIENT */;
/*!40101 SET CHARACTER_SET_RESULTS=@OLD_CHARACTER_SET_RESULTS */;
/*!40101 SET COLLATION_CONNECTION=@OLD_COLLATION_CONNECTION */;
/*!40111 SET SQL_NOTES=@OLD_SQL_NOTES */;

-- Dump completed on 2026-06-30 17:44:52
